"concept.CONCEPT_ID","concept.CONCEPT_NAME","concept.STANDARD_CONCEPT","concept.CONCEPT_CODE","concept.DOMAIN_ID","concept.VOCABULARY_ID","concept.CONCEPT_CLASS_ID","include_descendants","include_mapped","is_excluded","flavours.brand","flavours.broad","flavours.valent"
44132618,"0.5 ML L1 protein, Human papillomavirus type 11 Vaccine 0.08 MG/ML / L1 protein, Human papillomavirus type 16 Vaccine 0.08 MG/ML / L1 protein, Human papillomavirus type 18 0.04 MG/ML / ... Injectable Suspension [Gardasil]","S","OMOP1127249","Drug","RxNorm Extension","Quant Branded Drug",FALSE,FALSE,FALSE,TRUE,TRUE,TRUE
44132684,"0.5 ML L1 protein, Human papillomavirus type 11 Vaccine 0.08 MG/ML / L1 protein, Human papillomavirus type 16 Vaccine 0.12 MG/ML / L1 protein, Human papillomavirus type 18 0.08 MG/ML / ... Injectable Suspension [Gardasil] by Merck","S","OMOP1127315","Drug","RxNorm Extension","Marketed Product",FALSE,FALSE,FALSE,TRUE,TRUE,TRUE
44132751,"0.5 ML L1 protein, Human papillomavirus type 16 Vaccine 0.04 MG/ML / L1 protein, Human papillomavirus type 18 0.04 MG/ML Injectable Suspension [Cervarix]","S","OMOP1127382","Drug","RxNorm Extension","Quant Branded Drug",FALSE,FALSE,FALSE,TRUE,TRUE,TRUE
44132765,"0.5 ML L1 protein, Human papillomavirus type 11 Vaccine 0.08 MG/ML / L1 protein, Human papillomavirus type 16 Vaccine 0.08 MG/ML / L1 protein, Human papillomavirus type 18 0.04 MG/ML / ... Injectable Suspension [Gardasil] Box of 1 by Merck","S","OMOP1127396","Drug","RxNorm Extension","Marketed Product",FALSE,FALSE,FALSE,TRUE,TRUE,TRUE
44132790,"0.5 ML L1 protein, Human papillomavirus type 11 Vaccine 0.08 MG/ML / L1 protein, Human papillomavirus type 16 Vaccine 0.12 MG/ML / L1 protein, Human papillomavirus type 18 0.08 MG/ML / ... Injectable Suspension [Gardasil]","S","OMOP1127421","Drug","RxNorm Extension","Quant Branded Drug",FALSE,FALSE,FALSE,TRUE,TRUE,TRUE
44132776,"0.5 ML L1 protein, Human papillomavirus type 11 Vaccine 0.08 MG/ML / L1 protein, Human papillomavirus type 16 Vaccine 0.12 MG/ML / L1 protein, Human papillomavirus type 18 0.08 MG/ML / ... Injectable Suspension","S","OMOP1127407","Drug","RxNorm Extension","Quant Clinical Drug",FALSE,FALSE,FALSE,FALSE,TRUE,TRUE
36262935,"Human Papillomavirus 0.04 MG/ML Injectable Suspension [Cervarix]","S","OMOP3113810","Drug","RxNorm Extension","Branded Drug",FALSE,FALSE,FALSE,TRUE,TRUE,TRUE
43269462,"L1 protein, Human papillomavirus type 16 Vaccine 0.02 MG/ML / L1 protein, Human papillomavirus type 18 Vaccine 0.02 MG/ML [Cervarix]","S","OMOP558119","Drug","RxNorm Extension","Branded Drug Comp",FALSE,FALSE,FALSE,TRUE,TRUE,TRUE
46275945,"L1 protein, human papillomavirus type 11 vaccine / L1 protein, human papillomavirus type 16 vaccine / L1 protein, human papillomavirus type 18 vaccine / L1 protein, human papillomavirus type 6 vaccine Injection [Gardasil]","S","1656961","Drug","RxNorm","Branded Drug Form",FALSE,FALSE,FALSE,TRUE,TRUE,TRUE
21105145,"Human Papillomavirus Prefilled Syringe [Gardasil]","S","OMOP262532","Drug","RxNorm Extension","Branded Drug Form",FALSE,FALSE,FALSE,TRUE,TRUE,TRUE
21105146,"Human Papillomavirus Prefilled Syringe [Cervarix]","S","OMOP262534","Drug","RxNorm Extension","Branded Drug Form",FALSE,FALSE,FALSE,TRUE,TRUE,TRUE
35408015,"Human Papillomavirus 0.24 MG/ML [Gardasil]","S","OMOP1141600","Drug","RxNorm Extension","Branded Drug Comp",FALSE,FALSE,FALSE,TRUE,TRUE,TRUE
35408900,"Human Papillomavirus Injectable Suspension [Gardasil]","S","OMOP1142485","Drug","RxNorm Extension","Branded Drug Form",FALSE,FALSE,FALSE,TRUE,TRUE,TRUE
35409079,"Human Papillomavirus 0.24 MG/ML Injectable Suspension [Gardasil] Box of 1","S","OMOP1142664","Drug","RxNorm Extension","Branded Drug Box",FALSE,FALSE,FALSE,TRUE,TRUE,TRUE
36265499,"Human Papillomavirus 0.54 MG/ML Injectable Suspension [Gardasil 9]","S","OMOP3116374","Drug","RxNorm Extension","Branded Drug",FALSE,FALSE,FALSE,TRUE,TRUE,TRUE
36266792,"Human Papillomavirus 0.54 MG/ML [Gardasil 9]","S","OMOP3117667","Drug","RxNorm Extension","Branded Drug Comp",FALSE,FALSE,FALSE,TRUE,TRUE,TRUE
36267065,"Human Papillomavirus Injectable Suspension [Gardasil 9]","S","OMOP3117940","Drug","RxNorm Extension","Branded Drug Form",FALSE,FALSE,FALSE,TRUE,TRUE,TRUE
36271855,"Human Papillomavirus 0.04 MG/ML [Cervarix]","S","OMOP3122730","Drug","RxNorm Extension","Branded Drug Comp",FALSE,FALSE,FALSE,TRUE,TRUE,TRUE
36281057,"0.5 ML Human Papillomavirus 0.24 MG/ML Injectable Suspension [Gardasil] by MSD","S","OMOP3131932","Drug","RxNorm Extension","Marketed Product",FALSE,FALSE,FALSE,TRUE,TRUE,TRUE
36281072,"0.5 ML Human Papillomavirus 0.54 MG/ML Injectable Suspension [Gardasil 9]","S","OMOP3131947","Drug","RxNorm Extension","Quant Branded Drug",FALSE,FALSE,FALSE,TRUE,TRUE,TRUE
36281079,"0.5 ML Human Papillomavirus 0.54 MG/ML Injectable Suspension [Gardasil 9] by MSD","S","OMOP3131954","Drug","RxNorm Extension","Marketed Product",FALSE,FALSE,FALSE,TRUE,TRUE,TRUE
36281140,"0.5 ML Human Papillomavirus 0.04 MG/ML Injectable Suspension [Cervarix] by GSK","S","OMOP3132015","Drug","RxNorm Extension","Marketed Product",FALSE,FALSE,FALSE,TRUE,TRUE,TRUE
36281160,"0.5 ML Human Papillomavirus 0.04 MG/ML Injectable Suspension [Cervarix]","S","OMOP3132035","Drug","RxNorm Extension","Quant Branded Drug",FALSE,FALSE,FALSE,TRUE,TRUE,TRUE
36405748,"Human Papillomavirus Injectable Solution [Gardasil]","S","OMOP3097790","Drug","RxNorm Extension","Branded Drug Form",FALSE,FALSE,FALSE,TRUE,TRUE,TRUE
36407304,"Human Papillomavirus Injectable Solution [Cervarix]","S","OMOP3099346","Drug","RxNorm Extension","Branded Drug Form",FALSE,FALSE,FALSE,TRUE,TRUE,TRUE
36421776,"L1 protein, Human papillomavirus type 11 Vaccine / L1 protein, Human papillomavirus type 16 Vaccine / L1 protein, Human papillomavirus type 18 Vaccine / L1 protein, Human papillomavirus type 31 Vaccine / ... Prefilled Syringe [Gardasil]","S","OMOP4764054","Drug","RxNorm Extension","Branded Drug Form",FALSE,FALSE,FALSE,TRUE,TRUE,TRUE
36789910,"L1 protein, Human papillomavirus type 11 Vaccine / L1 protein, Human papillomavirus type 16 Vaccine / L1 protein, Human papillomavirus type 18 Vaccine / L1 protein, Human papillomavirus type 6 Vaccine Injectable Suspension [Gardasil]","S","OMOP4778155","Drug","RxNorm Extension","Branded Drug Form",FALSE,FALSE,FALSE,TRUE,TRUE,TRUE
36882767,"L1 protein, Human papillomavirus type 16 Vaccine / L1 protein, Human papillomavirus type 18 Vaccine Injection [Cervarix]","S","OMOP995487","Drug","RxNorm Extension","Branded Drug Form",FALSE,FALSE,FALSE,TRUE,TRUE,TRUE
36896217,"0.5 ML L1 protein, Human papillomavirus type 16 Vaccine 0.04 MG/ML / L1 protein, Human papillomavirus type 18 Vaccine 0.04 MG/ML Injectable Suspension [Cervarix]","S","OMOP996911","Drug","RxNorm Extension","Quant Branded Drug",FALSE,FALSE,FALSE,TRUE,TRUE,TRUE
40150716,"L1 protein, human papillomavirus type 11 vaccine / L1 protein, human papillomavirus type 16 vaccine / L1 protein, human papillomavirus type 18 vaccine / L1 protein, human papillomavirus type 6 vaccine Prefilled Syringe [Gardasil]","S","798277","Drug","RxNorm","Branded Drug Form",FALSE,FALSE,FALSE,TRUE,TRUE,TRUE
40167170,"L1 protein, human papillomavirus type 16 vaccine / L1 protein, human papillomavirus type 18 vaccine Injectable Suspension [Cervarix]","S","867492","Drug","RxNorm","Branded Drug Form",FALSE,FALSE,FALSE,TRUE,TRUE,TRUE
40167172,"L1 protein, human papillomavirus type 16 vaccine / L1 protein, human papillomavirus type 18 vaccine Prefilled Syringe [Cervarix]","S","867488","Drug","RxNorm","Branded Drug Form",FALSE,FALSE,FALSE,TRUE,TRUE,TRUE
40753446,"L1 protein, Human papillomavirus type 11 Vaccine / L1 protein, Human papillomavirus type 16 Vaccine / L1 protein, Human papillomavirus type 18 Vaccine / L1 protein, Human papillomavirus type 31 Vaccine / ... Injectable Suspension [Gardasil 9]","S","OMOP4703824","Drug","RxNorm Extension","Branded Drug Form",FALSE,FALSE,FALSE,TRUE,TRUE,TRUE
40832060,"L1 protein, Human papillomavirus type 16 Vaccine / L1 protein, Human papillomavirus type 18 Vaccine Prefilled Syringe [Cervarix Grk]","S","OMOP2030022","Drug","RxNorm Extension","Branded Drug Form",FALSE,FALSE,FALSE,TRUE,TRUE,TRUE
41144528,"L1 protein, Human papillomavirus type 11 Vaccine / L1 protein, Human papillomavirus type 16 Vaccine / L1 protein, Human papillomavirus type 18 Vaccine / L1 protein, Human papillomavirus type 6 Vaccine Prefilled Syringe [Silgard]","S","OMOP2342490","Drug","RxNorm Extension","Branded Drug Form",FALSE,FALSE,FALSE,TRUE,TRUE,TRUE
42873276,"human papillomavirus type 16, L1 capsid protein (residues 2-471) vaccine 0.04 MG/ML / human papillomavirus type 18, L1 capsid protein (residues 2-472) vaccine 0.04 MG/ML [Cervarix]","S","1301890","Drug","RxNorm","Branded Drug Comp",FALSE,FALSE,FALSE,TRUE,TRUE,TRUE
42873514,"0.5 ML human papillomavirus type 16, L1 capsid protein (residues 2-471) vaccine 0.04 MG/ML / human papillomavirus type 18, L1 capsid protein (residues 2-472) vaccine 0.04 MG/ML Prefilled Syringe [Cervarix]","S","1301891","Drug","RxNorm","Quant Branded Drug",FALSE,FALSE,FALSE,TRUE,TRUE,TRUE
42873516,"human papillomavirus type 16, L1 capsid protein (residues 2-471) vaccine 0.04 MG/ML / human papillomavirus type 18, L1 capsid protein (residues 2-472) vaccine 0.04 MG/ML Injectable Suspension [Cervarix]","S","1301895","Drug","RxNorm","Branded Drug",FALSE,FALSE,FALSE,TRUE,TRUE,TRUE
42902869,"human papillomavirus type 16, L1 capsid protein (residues 2-471) vaccine 0.04 MG/ML / human papillomavirus type 18, L1 capsid protein (residues 2-472) vaccine 0.04 MG/ML Prefilled Syringe [Cervarix]","S","1359982","Drug","RxNorm","Branded Drug",FALSE,FALSE,FALSE,TRUE,TRUE,TRUE
43161166,"L1 protein, Human papillomavirus type 16 Vaccine 0.04 MG/ML / L1 protein, Human papillomavirus type 18 Vaccine 0.04 MG/ML Injectable Suspension [Cervarix] Box of 1","S","OMOP484785","Drug","RxNorm Extension","Branded Drug Box",FALSE,FALSE,FALSE,TRUE,TRUE,TRUE
43208813,"0.5 ML L1 protein, Human papillomavirus type 16 Vaccine 0.04 MG/ML / L1 protein, Human papillomavirus type 18 Vaccine 0.04 MG/ML Injectable Suspension [Cervarix] Box of 1","S","OMOP506970","Drug","RxNorm Extension","Quant Branded Box",FALSE,FALSE,FALSE,TRUE,TRUE,TRUE
43219812,"0.5 ML L1 protein, Human papillomavirus type 16 Vaccine 0.04 MG/ML / L1 protein, Human papillomavirus type 18 Vaccine 0.04 MG/ML Injectable Suspension [Cervarix] Box of 1 by Glaxosmithkline","S","OMOP506972","Drug","RxNorm Extension","Marketed Product",FALSE,FALSE,FALSE,TRUE,TRUE,TRUE
43258573,"L1 protein, Human papillomavirus type 16 Vaccine 0.02 MG/ML / L1 protein, Human papillomavirus type 18 Vaccine 0.02 MG/ML Injection [Cervarix] Box of 10","S","OMOP558124","Drug","RxNorm Extension","Branded Drug Box",FALSE,FALSE,FALSE,TRUE,TRUE,TRUE
36789911,"L1 protein, Human papillomavirus type 11 Vaccine / L1 protein, Human papillomavirus type 16 Vaccine / L1 protein, Human papillomavirus type 18 Vaccine / L1 protein, Human papillomavirus type 6 Vaccine Injectable Suspension","S","OMOP4778156","Drug","RxNorm Extension","Clinical Drug Form",FALSE,FALSE,FALSE,FALSE,TRUE,TRUE
36275003,"Human Papillomavirus 0.04 MG/ML Injectable Suspension","S","OMOP3125878","Drug","RxNorm Extension","Clinical Drug",FALSE,FALSE,FALSE,FALSE,TRUE,FALSE
36276830,"Human Papillomavirus 0.54 MG/ML","S","OMOP3127705","Drug","RxNorm Extension","Clinical Drug Comp",FALSE,FALSE,FALSE,FALSE,TRUE,FALSE
36281062,"0.5 ML Human Papillomavirus 0.04 MG/ML Injectable Suspension","S","OMOP3131937","Drug","RxNorm Extension","Quant Clinical Drug",FALSE,FALSE,FALSE,FALSE,TRUE,FALSE
36281152,"0.5 ML Human Papillomavirus 0.54 MG/ML Injectable Suspension","S","OMOP3132027","Drug","RxNorm Extension","Quant Clinical Drug",FALSE,FALSE,FALSE,FALSE,TRUE,FALSE
36404949,"Human Papillomavirus Injectable Solution","S","OMOP3096991","Drug","RxNorm Extension","Clinical Drug Form",FALSE,FALSE,FALSE,FALSE,TRUE,FALSE
36893469,"L1 protein, Human papillomavirus type 16 Vaccine / L1 protein, Human papillomavirus type 18 Vaccine Injection","S","OMOP991852","Drug","RxNorm Extension","Clinical Drug Form",FALSE,FALSE,FALSE,FALSE,TRUE,TRUE
36896175,"0.5 ML L1 protein, Human papillomavirus type 16 Vaccine 0.04 MG/ML / L1 protein, Human papillomavirus type 18 Vaccine 0.04 MG/ML Injectable Suspension","S","OMOP1003019","Drug","RxNorm Extension","Quant Clinical Drug",FALSE,FALSE,FALSE,FALSE,TRUE,TRUE
40150715,"L1 protein, human papillomavirus type 11 vaccine / L1 protein, human papillomavirus type 16 vaccine / L1 protein, human papillomavirus type 18 vaccine / L1 protein, human papillomavirus type 6 vaccine Prefilled Syringe","S","798275","Drug","RxNorm","Clinical Drug Form",FALSE,FALSE,FALSE,FALSE,TRUE,TRUE
40167169,"L1 protein, human papillomavirus type 16 vaccine / L1 protein, human papillomavirus type 18 vaccine Injectable Suspension","S","867490","Drug","RxNorm","Clinical Drug Form",FALSE,FALSE,FALSE,FALSE,TRUE,TRUE
40167171,"L1 protein, human papillomavirus type 16 vaccine / L1 protein, human papillomavirus type 18 vaccine Prefilled Syringe","S","867485","Drug","RxNorm","Clinical Drug Form",FALSE,FALSE,FALSE,FALSE,TRUE,TRUE
40213319,"human papilloma virus vaccine, bivalent","S","118","Drug","CVX","CVX",FALSE,FALSE,FALSE,FALSE,TRUE,TRUE
40213320,"human papilloma virus vaccine, quadrivalent","S","62","Drug","CVX","CVX",FALSE,FALSE,FALSE,FALSE,TRUE,TRUE
40213322,"Human Papillomavirus 9-valent vaccine","S","165","Drug","CVX","CVX",FALSE,FALSE,FALSE,FALSE,TRUE,TRUE
40753447,"L1 protein, Human papillomavirus type 11 Vaccine / L1 protein, Human papillomavirus type 16 Vaccine / L1 protein, Human papillomavirus type 18 Vaccine / L1 protein, Human papillomavirus type 31 Vaccine / ... Injectable Suspension","S","OMOP4703823","Drug","RxNorm Extension","Clinical Drug Form",FALSE,FALSE,FALSE,FALSE,TRUE,TRUE
40799175,"Vaccine, Human Papillomavirus Type-6,11,16,18,31,33,45,52,58","S","OMOP2721522","Drug","RxNorm Extension","Ingredient",FALSE,FALSE,FALSE,FALSE,TRUE,TRUE
42873274,"human papillomavirus type 16, L1 capsid protein (residues 2-471) vaccine 0.04 MG/ML","S","1301886","Drug","RxNorm","Clinical Drug Comp",FALSE,FALSE,FALSE,FALSE,TRUE,TRUE
42873275,"human papillomavirus type 18, L1 capsid protein (residues 2-472) vaccine 0.04 MG/ML","S","1301888","Drug","RxNorm","Clinical Drug Comp",FALSE,FALSE,FALSE,FALSE,TRUE,TRUE
42873513,"0.5 ML human papillomavirus type 16, L1 capsid protein (residues 2-471) vaccine 0.04 MG/ML / human papillomavirus type 18, L1 capsid protein (residues 2-472) vaccine 0.04 MG/ML Prefilled Syringe","S","1301889","Drug","RxNorm","Quant Clinical Drug",FALSE,FALSE,FALSE,FALSE,TRUE,TRUE
42873515,"human papillomavirus type 16, L1 capsid protein (residues 2-471) vaccine 0.04 MG/ML / human papillomavirus type 18, L1 capsid protein (residues 2-472) vaccine 0.04 MG/ML Injectable Suspension","S","1301894","Drug","RxNorm","Clinical Drug",FALSE,FALSE,FALSE,FALSE,TRUE,TRUE
42899116,"human papillomavirus","S","1311095","Drug","RxNorm","Ingredient",FALSE,FALSE,TRUE,FALSE,TRUE,FALSE
42903241,"L1 protein, human papillomavirus type 11 vaccine 0.08 MG/ML / L1 protein, human papillomavirus type 16 vaccine 0.08 MG/ML / L1 protein, human papillomavirus type 18 vaccine 0.04 MG/ML / L1 protein, human papillomavirus type 6 vaccine 0.04 MG/ML Prefill...","S","1360354","Drug","RxNorm","Branded Drug",FALSE,FALSE,FALSE,FALSE,TRUE,TRUE
42903272,"human papillomavirus type 16, L1 capsid protein (residues 2-471) vaccine 0.04 MG/ML / human papillomavirus type 18, L1 capsid protein (residues 2-472) vaccine 0.04 MG/ML Prefilled Syringe","S","1360385","Drug","RxNorm","Clinical Drug",FALSE,FALSE,FALSE,FALSE,TRUE,TRUE
42903288,"L1 protein, human papillomavirus type 11 vaccine 0.08 MG/ML / L1 protein, human papillomavirus type 16 vaccine 0.08 MG/ML / L1 protein, human papillomavirus type 18 vaccine 0.04 MG/ML / L1 protein, human papillomavirus type 6 vaccine 0.04 MG/ML Prefill...","S","1360401","Drug","RxNorm","Clinical Drug",FALSE,FALSE,FALSE,FALSE,TRUE,TRUE
43139030,"L1 protein, Human papillomavirus type 16 Vaccine 0.04 MG/ML / L1 protein, Human papillomavirus type 18 Vaccine 0.04 MG/ML Injectable Suspension Box of 1","S","OMOP484784","Drug","RxNorm Extension","Clinical Drug Box",FALSE,FALSE,FALSE,FALSE,TRUE,TRUE
43186919,"0.5 ML L1 protein, Human papillomavirus type 16 Vaccine 0.04 MG/ML / L1 protein, Human papillomavirus type 18 Vaccine 0.04 MG/ML Injectable Suspension Box of 1","S","OMOP506969","Drug","RxNorm Extension","Quant Clinical Box",FALSE,FALSE,FALSE,FALSE,TRUE,TRUE
43258571,"L1 protein, Human papillomavirus type 11 Vaccine 0.04 MG/ML / L1 protein, Human papillomavirus type 16 Vaccine 0.04 MG/ML / L1 protein, Human papillomavirus type 18 Vaccine 0.02 MG/ML / ... Injection","S","OMOP558112","Drug","RxNorm Extension","Clinical Drug",FALSE,FALSE,FALSE,FALSE,TRUE,TRUE
43258572,"L1 protein, Human papillomavirus type 11 Vaccine 0.04 MG/ML / L1 protein, Human papillomavirus type 16 Vaccine 0.04 MG/ML / L1 protein, Human papillomavirus type 18 Vaccine 0.02 MG/ML / ... Injection Box of 10","S","OMOP558113","Drug","RxNorm Extension","Clinical Drug Box",FALSE,FALSE,FALSE,FALSE,TRUE,TRUE
43258574,"L1 protein, Human papillomavirus type 18 Vaccine 0.02 MG/ML","S","OMOP558126","Drug","RxNorm Extension","Clinical Drug Comp",FALSE,FALSE,FALSE,FALSE,TRUE,TRUE
43269464,"L1 protein, Human papillomavirus type 16 Vaccine 0.02 MG/ML / L1 protein, Human papillomavirus type 18 Vaccine 0.02 MG/ML Injection [Cervarix] Box of 20","S","OMOP558125","Drug","RxNorm Extension","Branded Drug Box",FALSE,FALSE,FALSE,TRUE,TRUE,TRUE
43280334,"L1 protein, Human papillomavirus type 16 Vaccine 0.02 MG/ML / L1 protein, Human papillomavirus type 18 Vaccine 0.02 MG/ML Injection [Cervarix]","S","OMOP558123","Drug","RxNorm Extension","Branded Drug",FALSE,FALSE,FALSE,TRUE,TRUE,TRUE
43281226,"0.5 ML L1 protein, Human papillomavirus type 11 Vaccine 0.04 MG/ML / L1 protein, Human papillomavirus type 16 Vaccine 0.04 MG/ML / L1 protein, Human papillomavirus type 18 Vaccine 0.02 MG/ML / ... Injection [Gardasil]","S","OMOP559811","Drug","RxNorm Extension","Quant Branded Drug",FALSE,FALSE,FALSE,TRUE,TRUE,TRUE
43281227,"0.5 ML L1 protein, Human papillomavirus type 16 Vaccine 0.02 MG/ML / L1 protein, Human papillomavirus type 18 Vaccine 0.02 MG/ML Injection [Cervarix]","S","OMOP559816","Drug","RxNorm Extension","Quant Branded Drug",FALSE,FALSE,FALSE,TRUE,TRUE,TRUE
43285824,"L1 protein, Human papillomavirus type 11 Vaccine 0.04 MG/ML / L1 protein, Human papillomavirus type 16 Vaccine 0.04 MG/ML / L1 protein, Human papillomavirus type 18 Vaccine 0.02 MG/ML / ... Injection [Gardasil]","S","OMOP558114","Drug","RxNorm Extension","Branded Drug",FALSE,FALSE,FALSE,TRUE,TRUE,TRUE
43285825,"L1 protein, Human papillomavirus type 11 Vaccine 0.04 MG/ML / L1 protein, Human papillomavirus type 16 Vaccine 0.04 MG/ML / L1 protein, Human papillomavirus type 18 Vaccine 0.02 MG/ML / ... Injection [Gardasil] Box of 10","S","OMOP558115","Drug","RxNorm Extension","Branded Drug Box",FALSE,FALSE,FALSE,TRUE,TRUE,TRUE
43292059,"0.5 ML L1 protein, Human papillomavirus type 16 Vaccine 0.02 MG/ML / L1 protein, Human papillomavirus type 18 Vaccine 0.02 MG/ML Injection [Cervarix] Box of 10","S","OMOP559817","Drug","RxNorm Extension","Quant Branded Box",FALSE,FALSE,FALSE,TRUE,TRUE,TRUE
43296583,"L1 protein, Human papillomavirus type 11 Vaccine 0.04 MG/ML / L1 protein, Human papillomavirus type 16 Vaccine 0.04 MG/ML / L1 protein, Human papillomavirus type 18 Vaccine 0.02 MG/ML / ... [Gardasil]","S","OMOP558110","Drug","RxNorm Extension","Branded Drug Comp",FALSE,FALSE,FALSE,TRUE,TRUE,TRUE
43297441,"0.5 ML L1 protein, Human papillomavirus type 11 Vaccine 0.04 MG/ML / L1 protein, Human papillomavirus type 16 Vaccine 0.04 MG/ML / L1 protein, Human papillomavirus type 18 Vaccine 0.02 MG/ML / ... Injection [Gardasil] Box of 10","S","OMOP559812","Drug","RxNorm Extension","Quant Branded Box",FALSE,FALSE,FALSE,TRUE,TRUE,TRUE
43297443,"0.5 ML L1 protein, Human papillomavirus type 16 Vaccine 0.02 MG/ML / L1 protein, Human papillomavirus type 18 Vaccine 0.02 MG/ML Injection [Cervarix] Box of 20","S","OMOP559818","Drug","RxNorm Extension","Quant Branded Box",FALSE,FALSE,FALSE,TRUE,TRUE,TRUE
44043707,"L1 protein, Human papillomavirus type 16 Vaccine / L1 protein, Human papillomavirus type 18 Injectable Suspension [Cervarix]","S","OMOP1038338","Drug","RxNorm Extension","Branded Drug Form",FALSE,FALSE,FALSE,TRUE,TRUE,TRUE
44056702,"L1 protein, Human papillomavirus type 11 Vaccine / L1 protein, Human papillomavirus type 16 Vaccine / L1 protein, Human papillomavirus type 18 / L1 protein, Human papillomavirus type 6 Injectable Suspension [Gardasil]","S","OMOP1051333","Drug","RxNorm Extension","Branded Drug Form",FALSE,FALSE,FALSE,TRUE,TRUE,TRUE
44059954,"L1 protein, Human papillomavirus type 11 Vaccine 0.08 MG/ML / L1 protein, Human papillomavirus type 16 Vaccine 0.08 MG/ML / L1 protein, Human papillomavirus type 18 0.04 MG/ML / ... Injectable Suspension [Gardasil] Box of 1","S","OMOP1054585","Drug","RxNorm Extension","Branded Drug Box",FALSE,FALSE,FALSE,TRUE,TRUE,TRUE
44059955,"L1 protein, Human papillomavirus type 11 Vaccine 0.08 MG/ML / L1 protein, Human papillomavirus type 16 Vaccine 0.08 MG/ML / L1 protein, Human papillomavirus type 18 0.04 MG/ML / ... Injectable Suspension [Gardasil]","S","OMOP1054586","Drug","RxNorm Extension","Branded Drug",FALSE,FALSE,FALSE,TRUE,TRUE,TRUE
44072749,"L1 protein, Human papillomavirus type 11 Vaccine 0.08 MG/ML / L1 protein, Human papillomavirus type 16 Vaccine 0.12 MG/ML / L1 protein, Human papillomavirus type 18 0.08 MG/ML / ... Injectable Suspension [Gardasil]","S","OMOP1067380","Drug","RxNorm Extension","Branded Drug",FALSE,FALSE,FALSE,TRUE,TRUE,TRUE
44085643,"L1 protein, Human papillomavirus type 16 Vaccine 0.04 MG/ML / L1 protein, Human papillomavirus type 18 0.04 MG/ML Injectable Suspension [Cervarix]","S","OMOP1080274","Drug","RxNorm Extension","Branded Drug",FALSE,FALSE,FALSE,TRUE,TRUE,TRUE
44118574,"L1 protein, Human papillomavirus type 11 Vaccine 0.08 MG/ML / L1 protein, Human papillomavirus type 16 Vaccine 0.12 MG/ML / L1 protein, Human papillomavirus type 18 0.08 MG/ML / ... [Gardasil]","S","OMOP1113205","Drug","RxNorm Extension","Branded Drug Comp",FALSE,FALSE,FALSE,TRUE,TRUE,TRUE
44132592,"0.5 ML L1 protein, Human papillomavirus type 16 Vaccine 0.04 MG/ML / L1 protein, Human papillomavirus type 18 0.04 MG/ML Injectable Suspension [Cervarix] by Glaxosmithkline","S","OMOP1127223","Drug","RxNorm Extension","Marketed Product",FALSE,FALSE,FALSE,TRUE,TRUE,TRUE
44132617,"0.5 ML L1 protein, Human papillomavirus type 11 Vaccine 0.08 MG/ML / L1 protein, Human papillomavirus type 16 Vaccine 0.08 MG/ML / L1 protein, Human papillomavirus type 18 0.04 MG/ML / ... Injectable Suspension [Gardasil] Box of 1","S","OMOP1127248","Drug","RxNorm Extension","Quant Branded Box",FALSE,FALSE,FALSE,TRUE,TRUE,TRUE
43264004,"L1 protein, Human papillomavirus type 16 Vaccine 0.02 MG/ML","S","OMOP558117","Drug","RxNorm Extension","Clinical Drug Comp",FALSE,FALSE,FALSE,FALSE,TRUE,TRUE
43269463,"L1 protein, Human papillomavirus type 16 Vaccine 0.02 MG/ML / L1 protein, Human papillomavirus type 18 Vaccine 0.02 MG/ML Injection Box of 10","S","OMOP558120","Drug","RxNorm Extension","Clinical Drug Box",FALSE,FALSE,FALSE,FALSE,TRUE,TRUE
43270323,"0.5 ML L1 protein, Human papillomavirus type 16 Vaccine 0.02 MG/ML / L1 protein, Human papillomavirus type 18 Vaccine 0.02 MG/ML Injection","S","OMOP559813","Drug","RxNorm Extension","Quant Clinical Drug",FALSE,FALSE,FALSE,FALSE,TRUE,TRUE
43275029,"L1 protein, Human papillomavirus type 16 Vaccine 0.02 MG/ML / L1 protein, Human papillomavirus type 18 Vaccine 0.02 MG/ML Injection Box of 20","S","OMOP558121","Drug","RxNorm Extension","Clinical Drug Box",FALSE,FALSE,FALSE,FALSE,TRUE,TRUE
43275030,"L1 protein, Human papillomavirus type 16 Vaccine 0.02 MG/ML / L1 protein, Human papillomavirus type 18 Vaccine 0.02 MG/ML Injection","S","OMOP558122","Drug","RxNorm Extension","Clinical Drug",FALSE,FALSE,FALSE,FALSE,TRUE,TRUE
43275893,"0.5 ML L1 protein, Human papillomavirus type 11 Vaccine 0.04 MG/ML / L1 protein, Human papillomavirus type 16 Vaccine 0.04 MG/ML / L1 protein, Human papillomavirus type 18 Vaccine 0.02 MG/ML / ... Injection","S","OMOP559809","Drug","RxNorm Extension","Quant Clinical Drug",FALSE,FALSE,FALSE,FALSE,TRUE,TRUE
43291182,"L1 protein, Human papillomavirus type 6 Vaccine 0.02 MG/ML","S","OMOP558109","Drug","RxNorm Extension","Clinical Drug Comp",FALSE,FALSE,FALSE,FALSE,TRUE,TRUE
43297440,"0.5 ML L1 protein, Human papillomavirus type 11 Vaccine 0.04 MG/ML / L1 protein, Human papillomavirus type 16 Vaccine 0.04 MG/ML / L1 protein, Human papillomavirus type 18 Vaccine 0.02 MG/ML / ... Injection Box of 10","S","OMOP559810","Drug","RxNorm Extension","Quant Clinical Box",FALSE,FALSE,FALSE,FALSE,TRUE,TRUE
43297442,"0.5 ML L1 protein, Human papillomavirus type 16 Vaccine 0.02 MG/ML / L1 protein, Human papillomavirus type 18 Vaccine 0.02 MG/ML Injection Box of 10","S","OMOP559814","Drug","RxNorm Extension","Quant Clinical Box",FALSE,FALSE,FALSE,FALSE,TRUE,TRUE
44025856,"L1 protein, Human papillomavirus type 11 Vaccine / L1 protein, Human papillomavirus type 16 Vaccine / L1 protein, Human papillomavirus type 18 / L1 protein, Human papillomavirus type 6 Injectable Suspension","S","OMOP1020487","Drug","RxNorm Extension","Clinical Drug Form",FALSE,FALSE,FALSE,FALSE,TRUE,TRUE
44032271,"L1 protein, Human papillomavirus type 11 Vaccine 0.08 MG/ML / L1 protein, Human papillomavirus type 16 Vaccine 0.08 MG/ML / L1 protein, Human papillomavirus type 18 0.04 MG/ML / ... Injectable Suspension Box of 1","S","OMOP1026902","Drug","RxNorm Extension","Clinical Drug Box",FALSE,FALSE,FALSE,FALSE,TRUE,TRUE
44039553,"L1 protein, Human papillomavirus type 18 0.04 MG/ML","S","OMOP1034184","Drug","RxNorm Extension","Clinical Drug Comp",FALSE,FALSE,FALSE,FALSE,TRUE,TRUE
44040913,"L1 protein, Human papillomavirus type 16 Vaccine 0.04 MG/ML / L1 protein, Human papillomavirus type 18 0.04 MG/ML [Cervarix]","S","OMOP1035544","Drug","RxNorm Extension","Branded Drug Comp",FALSE,FALSE,FALSE,TRUE,TRUE,TRUE
44055725,"L1 protein, Human papillomavirus type 16 Vaccine / L1 protein, Human papillomavirus type 18 Injectable Suspension","S","OMOP1050356","Drug","RxNorm Extension","Clinical Drug Form",FALSE,FALSE,FALSE,FALSE,TRUE,TRUE
44058246,"L1 protein, Human papillomavirus type 16 Vaccine 0.04 MG/ML / L1 protein, Human papillomavirus type 18 0.04 MG/ML Injectable Suspension","S","OMOP1052877","Drug","RxNorm Extension","Clinical Drug",FALSE,FALSE,FALSE,FALSE,TRUE,TRUE
44065595,"L1 protein, Human papillomavirus type 18 0.08 MG/ML","S","OMOP1060226","Drug","RxNorm Extension","Clinical Drug Comp",FALSE,FALSE,FALSE,FALSE,TRUE,TRUE
44081430,"L1 protein, Human papillomavirus type 11 Vaccine / L1 protein, Human papillomavirus type 16 Vaccine / L1 protein, Human papillomavirus type 18 / L1 protein, Human papillomavirus type 31 Vaccine / ... Injectable Suspension","S","OMOP1076061","Drug","RxNorm Extension","Clinical Drug Form",FALSE,FALSE,FALSE,FALSE,TRUE,TRUE
44091253,"L1 protein, Human papillomavirus type 6 0.04 MG/ML","S","OMOP1085884","Drug","RxNorm Extension","Clinical Drug Comp",FALSE,FALSE,FALSE,FALSE,TRUE,TRUE
44091254,"L1 protein, Human papillomavirus type 6 0.06 MG/ML","S","OMOP1085885","Drug","RxNorm Extension","Clinical Drug Comp",FALSE,FALSE,FALSE,FALSE,TRUE,TRUE
44109803,"L1 protein, Human papillomavirus type 11 Vaccine 0.08 MG/ML / L1 protein, Human papillomavirus type 16 Vaccine 0.08 MG/ML / L1 protein, Human papillomavirus type 18 0.04 MG/ML / ... Injectable Suspension","S","OMOP1104434","Drug","RxNorm Extension","Clinical Drug",FALSE,FALSE,FALSE,FALSE,TRUE,TRUE
44109804,"L1 protein, Human papillomavirus type 11 Vaccine 0.08 MG/ML / L1 protein, Human papillomavirus type 16 Vaccine 0.12 MG/ML / L1 protein, Human papillomavirus type 18 0.08 MG/ML / ... Injectable Suspension","S","OMOP1104435","Drug","RxNorm Extension","Clinical Drug",FALSE,FALSE,FALSE,FALSE,TRUE,TRUE
44132513,"0.5 ML L1 protein, Human papillomavirus type 11 Vaccine 0.08 MG/ML / L1 protein, Human papillomavirus type 16 Vaccine 0.08 MG/ML / L1 protein, Human papillomavirus type 18 0.04 MG/ML / ... Injectable Suspension","S","OMOP1127144","Drug","RxNorm Extension","Quant Clinical Drug",FALSE,FALSE,FALSE,FALSE,TRUE,TRUE
44132565,"0.5 ML L1 protein, Human papillomavirus type 16 Vaccine 0.04 MG/ML / L1 protein, Human papillomavirus type 18 0.04 MG/ML Injectable Suspension","S","OMOP1127196","Drug","RxNorm Extension","Quant Clinical Drug",FALSE,FALSE,FALSE,FALSE,TRUE,TRUE
44132566,"0.5 ML L1 protein, Human papillomavirus type 11 Vaccine 0.08 MG/ML / L1 protein, Human papillomavirus type 16 Vaccine 0.08 MG/ML / L1 protein, Human papillomavirus type 18 0.04 MG/ML / ... Injectable Suspension Box of 1","S","OMOP1127197","Drug","RxNorm Extension","Quant Clinical Box",FALSE,FALSE,FALSE,FALSE,TRUE,TRUE
45892474,"L1 protein, human papillomavirus type 31 vaccine","S","1596930","Drug","RxNorm","Ingredient",FALSE,FALSE,FALSE,FALSE,TRUE,TRUE
45892475,"L1 protein, human papillomavirus type 33 vaccine","S","1596931","Drug","RxNorm","Ingredient",FALSE,FALSE,FALSE,FALSE,TRUE,TRUE
45892476,"L1 protein, human papillomavirus type 45 vaccine","S","1596932","Drug","RxNorm","Ingredient",FALSE,FALSE,FALSE,FALSE,TRUE,TRUE
45892478,"L1 protein, human papillomavirus type 58 vaccine","S","1596934","Drug","RxNorm","Ingredient",FALSE,FALSE,FALSE,FALSE,TRUE,TRUE
45892497,"L1 protein, human papillomavirus type 16 vaccine 0.12 MG/ML","S","1597083","Drug","RxNorm","Clinical Drug Comp",FALSE,FALSE,FALSE,FALSE,TRUE,TRUE
45892498,"L1 protein, human papillomavirus type 18 vaccine 0.08 MG/ML","S","1597084","Drug","RxNorm","Clinical Drug Comp",FALSE,FALSE,FALSE,FALSE,TRUE,TRUE
45892499,"L1 protein, human papillomavirus type 31 vaccine 0.04 MG/ML","S","1597085","Drug","RxNorm","Clinical Drug Comp",FALSE,FALSE,FALSE,FALSE,TRUE,TRUE
45892500,"L1 protein, human papillomavirus type 33 vaccine 0.04 MG/ML","S","1597086","Drug","RxNorm","Clinical Drug Comp",FALSE,FALSE,FALSE,FALSE,TRUE,TRUE
45892501,"L1 protein, human papillomavirus type 45 vaccine 0.04 MG/ML","S","1597087","Drug","RxNorm","Clinical Drug Comp",FALSE,FALSE,FALSE,FALSE,TRUE,TRUE
45892502,"L1 protein, human papillomavirus type 52 vaccine 0.04 MG/ML","S","1597088","Drug","RxNorm","Clinical Drug Comp",FALSE,FALSE,FALSE,FALSE,TRUE,TRUE
45892503,"L1 protein, human papillomavirus type 58 vaccine 0.04 MG/ML","S","1597089","Drug","RxNorm","Clinical Drug Comp",FALSE,FALSE,FALSE,FALSE,TRUE,TRUE
45892504,"L1 protein, human papillomavirus type 6 vaccine 0.06 MG/ML","S","1597090","Drug","RxNorm","Clinical Drug Comp",FALSE,FALSE,FALSE,FALSE,TRUE,TRUE
45892506,"0.5 ML L1 protein, human papillomavirus type 11 vaccine 0.08 MG/ML / L1 protein, human papillomavirus type 16 vaccine 0.12 MG/ML / L1 protein, human papillomavirus type 18 vaccine 0.08 MG/ML / L1 protein, human papillomavirus type 31 vaccine 0.04 MG/ML...","S","1597094","Drug","RxNorm","Quant Clinical Drug",FALSE,FALSE,FALSE,FALSE,TRUE,TRUE
35412967,"Human Papillomavirus 0.24 MG/ML Injectable Suspension [Gardasil]","S","OMOP1146552","Drug","RxNorm Extension","Branded Drug",FALSE,FALSE,FALSE,TRUE,TRUE,TRUE
35414597,"0.5 ML Human Papillomavirus 0.24 MG/ML Injectable Suspension [Gardasil] Box of 1","S","OMOP1148182","Drug","RxNorm Extension","Quant Branded Box",FALSE,FALSE,FALSE,TRUE,TRUE,TRUE
35414650,"0.5 ML Human Papillomavirus 0.24 MG/ML Injectable Suspension [Gardasil] Box of 1 by Sanofi","S","OMOP1148235","Drug","RxNorm Extension","Marketed Product",FALSE,FALSE,FALSE,TRUE,TRUE,TRUE
35414667,"0.5 ML Human Papillomavirus 0.24 MG/ML Injectable Suspension [Gardasil]","S","OMOP1148252","Drug","RxNorm Extension","Quant Branded Drug",FALSE,FALSE,FALSE,TRUE,TRUE,TRUE
35753734,"Human Papillomavirus Injectable Suspension [Cervarix]","S","OMOP2755195","Drug","RxNorm Extension","Branded Drug Form",FALSE,FALSE,FALSE,TRUE,TRUE,TRUE
36259657,"Human Papillomavirus 0.54 MG/ML Injectable Suspension","S","OMOP3110532","Drug","RxNorm Extension","Clinical Drug",FALSE,FALSE,FALSE,FALSE,TRUE,FALSE
36264100,"Human Papillomavirus 0.04 MG/ML","S","OMOP3114975","Drug","RxNorm Extension","Clinical Drug Comp",FALSE,FALSE,FALSE,FALSE,TRUE,FALSE
43259418,"0.5 ML L1 protein, Human papillomavirus type 16 Vaccine 0.02 MG/ML / L1 protein, Human papillomavirus type 18 Vaccine 0.02 MG/ML Injection Box of 20","S","OMOP559815","Drug","RxNorm Extension","Quant Clinical Box",FALSE,FALSE,FALSE,FALSE,TRUE,TRUE
43264003,"L1 protein, Human papillomavirus type 11 Vaccine 0.04 MG/ML","S","OMOP558116","Drug","RxNorm Extension","Clinical Drug Comp",FALSE,FALSE,FALSE,FALSE,TRUE,TRUE
45892477,"L1 protein, human papillomavirus type 52 vaccine","S","1596933","Drug","RxNorm","Ingredient",FALSE,FALSE,FALSE,FALSE,TRUE,TRUE
45892508,"L1 protein, human papillomavirus type 11 vaccine 0.08 MG/ML / L1 protein, human papillomavirus type 16 vaccine 0.12 MG/ML / L1 protein, human papillomavirus type 18 vaccine 0.08 MG/ML / L1 protein, human papillomavirus type 31 vaccine 0.04 MG/ML / L1 p...","S","1597096","Drug","RxNorm","Branded Drug Comp",FALSE,FALSE,FALSE,FALSE,TRUE,TRUE
45892510,"0.5 ML L1 protein, human papillomavirus type 11 vaccine 0.08 MG/ML / L1 protein, human papillomavirus type 16 vaccine 0.12 MG/ML / L1 protein, human papillomavirus type 18 vaccine 0.08 MG/ML / L1 protein, human papillomavirus type 31 vaccine 0.04 MG/ML...","S","1597099","Drug","RxNorm","Quant Branded Drug",FALSE,FALSE,FALSE,FALSE,TRUE,TRUE
45892511,"L1 protein, human papillomavirus type 11 vaccine / L1 protein, human papillomavirus type 16 vaccine / L1 protein, human papillomavirus type 18 vaccine / L1 protein, human papillomavirus type 31 vaccine / L1 protein, human papillomavirus type 33 vaccine...","S","1597100","Drug","RxNorm","Clinical Drug Form",FALSE,FALSE,FALSE,FALSE,TRUE,TRUE
45892512,"0.5 ML L1 protein, human papillomavirus type 11 vaccine 0.08 MG/ML / L1 protein, human papillomavirus type 16 vaccine 0.12 MG/ML / L1 protein, human papillomavirus type 18 vaccine 0.08 MG/ML / L1 protein, human papillomavirus type 31 vaccine 0.04 MG/ML...","S","1597101","Drug","RxNorm","Quant Clinical Drug",FALSE,FALSE,FALSE,FALSE,TRUE,TRUE
45892513,"L1 protein, human papillomavirus type 11 vaccine / L1 protein, human papillomavirus type 16 vaccine / L1 protein, human papillomavirus type 18 vaccine / L1 protein, human papillomavirus type 31 vaccine / L1 protein, human papillomavirus type 33 vaccine...","S","1597102","Drug","RxNorm","Branded Drug Form",FALSE,FALSE,FALSE,FALSE,TRUE,TRUE
45892514,"0.5 ML L1 protein, human papillomavirus type 11 vaccine 0.08 MG/ML / L1 protein, human papillomavirus type 16 vaccine 0.12 MG/ML / L1 protein, human papillomavirus type 18 vaccine 0.08 MG/ML / L1 protein, human papillomavirus type 31 vaccine 0.04 MG/ML...","S","1597103","Drug","RxNorm","Quant Branded Drug",FALSE,FALSE,FALSE,FALSE,TRUE,TRUE
45892515,"L1 protein, human papillomavirus type 11 vaccine 0.08 MG/ML / L1 protein, human papillomavirus type 16 vaccine 0.12 MG/ML / L1 protein, human papillomavirus type 18 vaccine 0.08 MG/ML / L1 protein, human papillomavirus type 31 vaccine 0.04 MG/ML / L1 p...","S","1597104","Drug","RxNorm","Clinical Drug",FALSE,FALSE,FALSE,FALSE,TRUE,TRUE
45892516,"L1 protein, human papillomavirus type 11 vaccine 0.08 MG/ML / L1 protein, human papillomavirus type 16 vaccine 0.12 MG/ML / L1 protein, human papillomavirus type 18 vaccine 0.08 MG/ML / L1 protein, human papillomavirus type 31 vaccine 0.04 MG/ML / L1 p...","S","1597105","Drug","RxNorm","Branded Drug",FALSE,FALSE,FALSE,FALSE,TRUE,TRUE
46275095,"L1 protein, human papillomavirus type 11 vaccine 0.08 MG/ML / L1 protein, human papillomavirus type 16 vaccine 0.08 MG/ML / L1 protein, human papillomavirus type 18 vaccine 0.04 MG/ML / L1 protein, human papillomavirus type 6 vaccine 0.04 MG/ML Injection","S","1657893","Drug","RxNorm","Clinical Drug",FALSE,FALSE,FALSE,FALSE,TRUE,TRUE
46275096,"L1 protein, human papillomavirus type 11 vaccine 0.08 MG/ML / L1 protein, human papillomavirus type 16 vaccine 0.08 MG/ML / L1 protein, human papillomavirus type 18 vaccine 0.04 MG/ML / L1 protein, human papillomavirus type 6 vaccine 0.04 MG/ML Injecti...","S","1657894","Drug","RxNorm","Branded Drug",FALSE,FALSE,FALSE,FALSE,TRUE,TRUE
46275097,"L1 protein, human papillomavirus type 11 vaccine 0.08 MG/ML / L1 protein, human papillomavirus type 16 vaccine 0.12 MG/ML / L1 protein, human papillomavirus type 18 vaccine 0.08 MG/ML / L1 protein, human papillomavirus type 31 vaccine 0.04 MG/ML / L1 p...","S","1657897","Drug","RxNorm","Clinical Drug",FALSE,FALSE,FALSE,FALSE,TRUE,TRUE
46275098,"L1 protein, human papillomavirus type 11 vaccine 0.08 MG/ML / L1 protein, human papillomavirus type 16 vaccine 0.12 MG/ML / L1 protein, human papillomavirus type 18 vaccine 0.08 MG/ML / L1 protein, human papillomavirus type 31 vaccine 0.04 MG/ML / L1 p...","S","1657898","Drug","RxNorm","Branded Drug",FALSE,FALSE,FALSE,FALSE,TRUE,TRUE
46275944,"L1 protein, human papillomavirus type 11 vaccine / L1 protein, human papillomavirus type 16 vaccine / L1 protein, human papillomavirus type 18 vaccine / L1 protein, human papillomavirus type 6 vaccine Injection","S","1656958","Drug","RxNorm","Clinical Drug Form",FALSE,FALSE,FALSE,FALSE,TRUE,TRUE
46275946,"L1 protein, human papillomavirus type 11 vaccine / L1 protein, human papillomavirus type 16 vaccine / L1 protein, human papillomavirus type 18 vaccine / L1 protein, human papillomavirus type 31 vaccine / L1 protein, human papillomavirus type 33 vaccine...","S","1656973","Drug","RxNorm","Clinical Drug Form",FALSE,FALSE,FALSE,FALSE,TRUE,TRUE
46275947,"L1 protein, human papillomavirus type 11 vaccine / L1 protein, human papillomavirus type 16 vaccine / L1 protein, human papillomavirus type 18 vaccine / L1 protein, human papillomavirus type 31 vaccine / L1 protein, human papillomavirus type 33 vaccine...","S","1656976","Drug","RxNorm","Branded Drug Form",FALSE,FALSE,FALSE,FALSE,TRUE,TRUE
44040914,"L1 protein, Human papillomavirus type 11 Vaccine 0.08 MG/ML / L1 protein, Human papillomavirus type 16 Vaccine 0.08 MG/ML / L1 protein, Human papillomavirus type 18 0.04 MG/ML / L1 protein, Human papillomavirus type 6 0.04 MG/ML [Gardasil]","S","OMOP1035545","Drug","RxNorm Extension","Branded Drug Comp",FALSE,FALSE,FALSE,TRUE,TRUE,TRUE
44069581,"L1 protein, Human papillomavirus type 11 Vaccine / L1 protein, Human papillomavirus type 16 Vaccine / L1 protein, Human papillomavirus type 18 / L1 protein, Human papillomavirus type 31 Vaccine / ... Injectable Suspension [Gardasil]","S","OMOP1064212","Drug","RxNorm Extension","Branded Drug Form",FALSE,FALSE,FALSE,TRUE,TRUE,TRUE
529076,"L1 protein, human papillomavirus type 11 vaccine","S","798262","Drug","RxNorm","Ingredient",FALSE,FALSE,FALSE,FALSE,TRUE,TRUE
529077,"L1 protein, human papillomavirus type 11 vaccine 0.08 MG/ML","S","798263","Drug","RxNorm","Clinical Drug Comp",FALSE,FALSE,FALSE,FALSE,TRUE,TRUE
529078,"0.5 ML L1 protein, human papillomavirus type 11 vaccine 0.08 MG/ML / L1 protein, human papillomavirus type 16 vaccine 0.08 MG/ML / L1 protein, human papillomavirus type 18 vaccine 0.04 MG/ML / L1 protein, human papillomavirus type 6 vaccine 0.04 MG/ML...","S","798271","Drug","RxNorm","Quant Clinical Drug",FALSE,FALSE,FALSE,FALSE,TRUE,TRUE
529079,"0.5 ML L1 protein, human papillomavirus type 11 vaccine 0.08 MG/ML / L1 protein, human papillomavirus type 16 vaccine 0.08 MG/ML / L1 protein, human papillomavirus type 18 vaccine 0.04 MG/ML / L1 protein, human papillomavirus type 6 vaccine 0.04 MG/ML...","S","798274","Drug","RxNorm","Quant Branded Drug",FALSE,FALSE,FALSE,FALSE,TRUE,TRUE
529080,"0.5 ML L1 protein, human papillomavirus type 11 vaccine 0.08 MG/ML / L1 protein, human papillomavirus type 16 vaccine 0.08 MG/ML / L1 protein, human papillomavirus type 18 vaccine 0.04 MG/ML / L1 protein, human papillomavirus type 6 vaccine 0.04 MG/ML...","S","798276","Drug","RxNorm","Quant Clinical Drug",FALSE,FALSE,FALSE,FALSE,TRUE,TRUE
529081,"0.5 ML L1 protein, human papillomavirus type 11 vaccine 0.08 MG/ML / L1 protein, human papillomavirus type 16 vaccine 0.08 MG/ML / L1 protein, human papillomavirus type 18 vaccine 0.04 MG/ML / L1 protein, human papillomavirus type 6 vaccine 0.04 MG/ML...","S","798278","Drug","RxNorm","Quant Branded Drug",FALSE,FALSE,FALSE,FALSE,TRUE,TRUE
529112,"L1 protein, human papillomavirus type 16 vaccine","S","798264","Drug","RxNorm","Ingredient",FALSE,FALSE,FALSE,FALSE,TRUE,TRUE
529113,"L1 protein, human papillomavirus type 16 vaccine 0.08 MG/ML","S","798265","Drug","RxNorm","Clinical Drug Comp",FALSE,FALSE,FALSE,FALSE,TRUE,TRUE
529114,"L1 protein, human papillomavirus type 18 vaccine","S","798266","Drug","RxNorm","Ingredient",FALSE,FALSE,FALSE,FALSE,TRUE,TRUE
529115,"L1 protein, human papillomavirus type 18 vaccine 0.04 MG/ML","S","798267","Drug","RxNorm","Clinical Drug Comp",FALSE,FALSE,FALSE,FALSE,TRUE,TRUE
529116,"L1 protein, human papillomavirus type 6 vaccine","S","798268","Drug","RxNorm","Ingredient",FALSE,FALSE,FALSE,FALSE,TRUE,TRUE
529117,"L1 protein, human papillomavirus type 6 vaccine 0.04 MG/ML","S","798269","Drug","RxNorm","Clinical Drug Comp",FALSE,FALSE,FALSE,FALSE,TRUE,TRUE
21075767,"Human Papillomavirus Prefilled Syringe","S","OMOP262531","Drug","RxNorm Extension","Clinical Drug Form",FALSE,FALSE,FALSE,FALSE,TRUE,TRUE
35407381,"Human Papillomavirus 0.24 MG/ML Injectable Suspension Box of 1","S","OMOP1140966","Drug","RxNorm Extension","Clinical Drug Box",FALSE,FALSE,FALSE,FALSE,TRUE,TRUE
35407382,"Human Papillomavirus 0.24 MG/ML Injectable Suspension","S","OMOP1140967","Drug","RxNorm Extension","Clinical Drug",FALSE,FALSE,FALSE,FALSE,TRUE,TRUE
35411044,"Human Papillomavirus 0.24 MG/ML","S","OMOP1144629","Drug","RxNorm Extension","Clinical Drug Comp",FALSE,FALSE,FALSE,FALSE,TRUE,TRUE
35412768,"Human Papillomavirus Injectable Suspension","S","OMOP1146353","Drug","RxNorm Extension","Clinical Drug Form",FALSE,FALSE,FALSE,FALSE,TRUE,TRUE
35414605,"0.5 ML Human Papillomavirus 0.24 MG/ML Injectable Suspension Box of 1","S","OMOP1148190","Drug","RxNorm Extension","Quant Clinical Box",FALSE,FALSE,FALSE,FALSE,TRUE,TRUE
35414634,"0.5 ML Human Papillomavirus 0.24 MG/ML Injectable Suspension","S","OMOP1148219","Drug","RxNorm Extension","Quant Clinical Drug",FALSE,FALSE,FALSE,FALSE,TRUE,TRUE
40213321,"HPV, unspecified formulation","S","137","Drug","CVX","Vaccine Group",FALSE,FALSE,FALSE,FALSE,TRUE,FALSE
19093987,"L1 protein, human papillomavirus type 11 vaccine 0.08 MG/ML / L1 protein, human papillomavirus type 16 vaccine 0.08 MG/ML / L1 protein, human papillomavirus type 18 vaccine 0.04 MG/ML / L1 protein, human papillomavirus type 6 vaccine 0.04 MG/ML [Gardasil]","S","798272","Drug","RxNorm","Branded Drug Comp",FALSE,FALSE,FALSE,TRUE,TRUE,TRUE
